pn_lot,post_num,is_winner,fz
0114500000822001117_,1254,0,44fz
0114500000823001518_,1254,0,44fz
0321300077122000006_,1254,0,44fz
0310200000323003132_,1254,0,44fz
0176200005522001801_,1254,0,44fz
0321200008523000506_,1254,0,44fz
0318400000723000018_,1254,0,44fz
0318300319423000003_,1254,0,44fz
0318300319423000001_,1254,0,44fz
0150200003923001479_,1254,0,44fz
0321300004423000051_,1254,0,44fz
0176200005522001828_,1254,0,44fz
0318300063423000030_,1254,0,44fz
0318300174023000002_,1254,0,44fz
0303300081922000003_,1254,0,44fz
0321300077122000038_,1254,0,44fz
0321300007522000304_,1254,0,44fz
0318300300222000019_,1254,0,44fz
0358300008422000186_,1254,0,44fz
0321300016823000027_,1254,0,44fz
0379300024223000025_,1254,0,44fz
0879500000123000035_,1254,0,44fz
0321300005422000197_,1254,0,44fz
0321200008723000052_,1254,0,44fz
0176200005523000304_,1254,0,44fz
0321300005422000198_,1254,0,44fz
0358300112222000109_,1254,0,44fz
0376300002822000019_,1254,0,44fz
0321100034622000031_,1254,0,44fz
0321300132722000011_,1254,0,44fz
0321300035823000033_,1254,0,44fz
32211652733_1,570082,0,223fz
0358100000622000089_,570082,0,44fz
0358300079422000637_,570082,0,44fz
0358300322922000001_,570082,0,44fz
0158100011722000006_,570082,0,44fz
0358100009122000002_,570082,0,44fz
0158100019722000002_,570082,0,44fz
0321300002922000014_,570082,0,44fz
0358300395222000080_,570082,0,44fz
0358100000622000030_,570082,0,44fz
0573100002522000239_,570082,0,44fz
0358300395222000077_,570082,0,44fz
0358100009122000038_,570082,0,44fz
MSP1512220837218_1,717351,1,com
MSP0311220827511_1,717351,1,com
32211371215_1,717351,1,223fz
32211344268_1,717351,1,223fz
32211459762_1,717351,1,223fz
32211369919_1,717351,1,223fz
0301300019422000329_,720722,1,44fz
0301300019422000188_,720722,1,44fz
0301300019422000174_,720722,1,44fz
0301300016023000070_,720722,1,44fz
32211148269_1,720722,1,223fz
0301300015123000007_,720722,1,44fz
0343200022623000018_,720722,1,44fz
0301300005723000227_,720722,1,44fz
32211415817_1,720722,1,223fz
0369100008523000008_,720722,1,44fz
0362300012023000031_,720722,1,44fz
32211614611_1,720722,1,223fz
0369100004723000511_,720722,1,44fz
0369100004723000505_,720722,1,44fz
0369100004723000498_,720722,1,44fz
0301300087522000053_,720722,1,44fz
0369100004723000443_,720722,1,44fz
0301300087522000076_,720722,1,44fz
0369100008523000284_,720722,1,44fz
0369200011323000080_,720722,1,44fz
0301000000223000405_,720722,1,44fz
0369100008522000297_,720722,1,44fz
0369100008523000186_,720722,1,44fz
0356200000822000223_,720722,1,44fz
0301300234123000082_,720722,1,44fz
0369100008522000021_,720722,1,44fz
0301300068223000016_,720722,1,44fz
0369300068723000143_,720722,1,44fz
32312179036_1,720722,1,223fz
0369100008523000035_,720722,1,44fz
32312108428_1,720722,1,223fz
0356300003822000051_,720722,1,44fz
0356300003822000022_,720722,1,44fz
0369100008523000250_,720722,1,44fz
0301300068223000013_,720722,1,44fz
0301300068222000229_,720722,1,44fz
0301300335622000343_,720722,1,44fz
32312124859_1,720722,1,223fz
0369100004723000213_,720722,1,44fz
0301300275422000328_,720722,1,44fz
0301300275422000326_,720722,1,44fz
0301300275422000305_,720722,1,44fz
0301300275422000280_,720722,1,44fz
0301300037822000828_,720722,1,44fz
0301300037822000830_,720722,1,44fz
0301300264023000122_,720722,1,44fz
0301300264023000048_,720722,1,44fz
0169300011923000250_,720722,1,44fz
0169300011922000215_,720722,1,44fz
0169300011922000110_,720722,1,44fz
0169300011922000103_,720722,1,44fz
1001200001022000209_,720722,1,44fz
32110635576_1,570082,1,223fz
0158100019721000042_,570082,1,44fz
32110605330_1,570082,1,223fz
0358300178921000183_,570082,1,44fz
0319100014221000139_,177495,1,44fz
0319100004921000118_,177495,1,44fz
0319100014221000038_,177495,1,44fz
0319100014221000089_,177495,1,44fz
0319100014221000028_,177495,1,44fz
0319300012421000087_,177495,1,44fz
0519100001421000161_,177495,1,44fz
0519100001421000116_,177495,1,44fz
0519100001421000056_,177495,1,44fz
0519100001421000034_,177495,1,44fz
0519100001421000022_,177495,1,44fz
0519100001421000033_,177495,1,44fz
0519100001421000021_,177495,1,44fz
32110770947_1,177495,1,223fz
32110681333_1,177495,1,223fz
32110532117_1,177495,1,223fz
32110557228_1,177495,1,223fz
0163200000323000719_,587386,0,44fz
0330100002222000107_,587386,0,44fz
0387100002123000002_,587386,0,44fz
0372100048823000778_,587386,0,44fz
0328500000423000007_,587386,0,44fz
0301300037823000038_,587386,0,44fz
0301100001822000023_,587386,0,44fz
0328100014623000031_,587386,0,44fz
0301300315422000261_,587386,0,44fz
0324100004423000023_,587386,0,44fz
0301300315422000268_,587386,0,44fz
0163300029422001202_,587386,0,44fz
0163300029422000244_,587386,0,44fz
0860200000823006063_,587386,0,44fz
0329100002923000003_,587386,0,44fz
0333300006122000095_,587386,0,44fz
0180300000222000274_,587386,0,44fz
0163200000322004329_,587386,0,44fz
0131100006623000130_,587386,0,44fz
0317100017022000002_,587386,0,44fz
0368100003223000050_,587386,0,44fz
0301300024823000020_,587386,0,44fz
0828100000722000617_,587386,0,44fz
0169300003323000022_,587386,0,44fz
0171100001522000029_,587386,0,44fz
0373200052723000036_,587386,0,44fz
0573100002522000317_,587386,0,44fz
0301300024822000030_,587386,0,44fz
0301300024822000022_,587386,0,44fz
0136100006022000021_,587386,0,44fz
0369300381322000015_,587386,0,44fz
0375400001122000015_,587386,0,44fz
0362300021122000097_,587386,0,44fz
0352100013123000034_,587386,0,44fz
0831100000322000062_,587386,0,44fz
0127200000222000182_,587386,0,44fz
0328300002622000056_,587386,0,44fz
0131100006622000139_,587386,0,44fz
0346300000223000175_,587386,0,44fz
0163100007123000010_,587386,0,44fz
0334100000122000071_,587386,0,44fz
0821600003323000025_,587386,0,44fz
0348100057422000014_,587386,0,44fz
0359100005423000085_,587386,0,44fz
0318300008822000543_,587386,0,44fz
0864500000223005457_,587386,0,44fz
0328300032822000496_,587386,0,44fz
0329400001322000015_,587386,0,44fz
0187300006522001710_,587386,0,44fz
0860200000822000302_,587386,0,44fz
0328200025023000006_,587386,0,44fz
0371300128223000029_,587386,0,44fz
0352500000622000045_,587386,0,44fz
0316100015223000600_,587386,0,44fz
0573100027723000121_,587386,0,44fz
0318300119423000475_,587386,0,44fz
0318300065122000501_,587386,0,44fz
0128100000523000005_,587386,0,44fz
0348100057423000001_,587386,0,44fz
0319100020123000072_,587386,0,44fz
0352100002922000029_,587386,0,44fz
0328100014023000018_,587386,0,44fz
0168100007722000028_,587386,0,44fz
0174500001123004927_,587386,0,44fz
0317100020723000023_,587386,0,44fz
0317100013123000030_,587386,0,44fz
0868100001222000018_,587386,0,44fz
0317100004922000057_,587386,0,44fz
0367100002023000017_,587386,0,44fz
0321100026022000010_,587386,0,44fz
0362300021123000096_,587386,0,44fz
0333100001622000047_,587386,0,44fz
0815500000522006276_,587386,0,44fz
0369100013322000088_,587386,0,44fz
0360300013023000274_,587386,0,44fz
0333300006123000117_,587386,0,44fz
0825500000722005052_,587386,0,44fz
0127200000222006073_,587386,0,44fz
0162100019022000034_,587386,0,44fz
0364100001522000027_,587386,0,44fz
0153100008023000020_,587386,0,44fz
0860200000822006841_,587386,0,44fz
0342100011323000052_,587386,0,44fz
0167200003423001828_,587386,0,44fz
0815500000523004665_,587386,0,44fz
0144100000222000018_,587386,0,44fz
0352500000623000022_,587386,0,44fz
0163300029422001121_,587386,0,44fz
0862200000123000016_,587386,0,44fz
0325200023522000043_,587386,0,44fz
0744200000223007937_,587386,0,44fz
0362300021123000047_,587386,0,44fz
0367100002023000091_,587386,0,44fz
0164100007923000028_,587386,0,44fz
0301300380023000274_,587386,0,44fz
0187300006523001847_,587386,0,44fz
0337100015523000010_,587386,0,44fz
0369300009322000003_,587386,0,44fz
0143100011822000023_,587386,0,44fz
0146100008422000047_,587386,0,44fz
0372200041523000098_,587386,0,44fz
0321300009122000018_,587386,0,44fz
0127300013123000474_,587386,0,44fz
0801500000922000084_,587386,0,44fz
0839100000322000151_,587386,0,44fz
0864500000222003253_,587386,0,44fz
0127200000222003629_,587386,0,44fz
0860200000822004486_,587386,0,44fz
0127200000222003584_,587386,0,44fz
0301100001822000004_,587386,0,44fz
0129100004423000001_,587386,0,44fz
0136100003523000133_,587386,0,44fz
0864500000223004639_,587386,0,44fz
0127100006022000071_,587386,0,44fz
0524300003722000017_,587386,0,44fz
0864500000222003277_,587386,0,44fz
0352100002823000051_,587386,0,44fz
0151100007223000052_,587386,0,44fz
0342300118723000001_,587386,0,44fz
0160300003622000201_,587386,0,44fz
0373200082123000513_,587386,0,44fz
0342200038222000038_,587386,0,44fz
0163200000322001417_,587386,0,44fz
0342100021023000010_,587386,0,44fz
0163300029422001023_,587386,0,44fz
0301300342923000013_,587386,0,44fz
0109100007022000015_,587386,0,44fz
32211039806_1,587386,0,223fz
32312802553_1,587386,0,223fz
0109100007023000066_,587386,0,44fz
32211110269_1,587386,0,223fz
0118300003223000462_,587386,0,44fz
0109100007022000079_,587386,0,44fz
0111100000222000021_,587386,0,44fz
32312862814_1,587386,0,223fz
0106100000923000014_,587386,0,44fz
32312152246_1,587386,0,223fz
32211595420_1,587386,0,223fz
32312777314_1,587386,0,223fz
0115100003823000036_,587386,0,44fz
32313070651_1,587386,0,223fz
0115100003822000027_,587386,0,44fz
32211297383_1,587386,0,223fz
32312030837_1,587386,0,223fz
0109100002022000053_,68945,0,44fz
32312340745_1,68945,0,223fz
0109100007022000068_,68945,0,44fz
0340100015323000054_,68945,0,44fz
0373200067023000354_,68945,0,44fz
0301300315422000019_,68945,0,44fz
0301200077622000011_,68945,0,44fz
0319100004923000034_,68945,0,44fz
0321100017623000275_,68945,0,44fz
0368400000223001080_,68945,0,44fz
0864500000223000565_,68945,0,44fz
0319200064423000147_,68945,0,44fz
0373200100122000388_,68945,0,44fz
0375200036223000141_,68945,0,44fz
0387200030622000140_,68945,0,44fz
0368400000222000808_,68945,0,44fz
0163200000323003940_,68945,0,44fz
0332100025123000040_,68945,0,44fz
0372200059923000009_,68945,0,44fz
0356300055023000029_,68945,0,44fz
0303300009922000136_,68945,0,44fz
0360200040823000023_,68945,0,44fz
0859200001123015166_,68945,0,44fz
0335200004723000297_,68945,0,44fz
0369100004723000524_,68945,0,44fz
0321100017623000294_,68945,0,44fz
0359100003722000067_,68945,0,44fz
0329300219722000015_,68945,0,44fz
0873200009823003444_,68945,0,44fz
0348100060023000069_,68945,0,44fz
0332100025122000354_,68945,0,44fz
0343300010822000028_,68945,0,44fz
0132600008322000419_,68945,0,44fz
0341100004122000026_,68945,0,44fz
0321300132722000022_,68945,0,44fz
0301200035122000122_,68945,0,44fz
0356300165922000043_,68945,0,44fz
0328300002623000001_,68945,0,44fz
0301300021822000296_,68945,0,44fz
0368400000223000150_,68945,0,44fz
0342300095823000099_,68945,0,44fz
0372200005422000092_,68945,0,44fz
0301300125822000115_,68945,0,44fz
0334200002523000196_,68945,0,44fz
0127200000222007604_,68945,0,44fz
0139200000122003765_,68945,0,44fz
0373100091922000281_,68945,0,44fz
0387200013022000055_,68945,0,44fz
0860200000822000079_,68945,0,44fz
0301300037822000765_,68945,0,44fz
0318300065122000272_,68945,0,44fz
0328300014223000008_,68945,0,44fz
0321500000222000029_,68945,0,44fz
32211197205_1,68945,0,223fz
0373200054523000014_,68945,0,44fz
0873200001723000204_,68945,0,44fz
0373100108122000241_,68945,0,44fz
0338300047922000061_,68945,0,44fz
0368400000223000783_,68945,0,44fz
0387200009123000512_,68945,0,44fz
0809500000322001438_,68945,0,44fz
0860200000822004327_,68945,0,44fz
0339100001823000055_,68945,0,44fz
0356100021523000032_,68945,0,44fz
0301300106023000155_,68945,0,44fz
0360300056822000065_,68945,0,44fz
0190200000323005248_,68945,0,44fz
0346300000223000164_,68945,0,44fz
0850200000422001926_,68945,0,44fz
0360300013022000150_,68945,0,44fz
0369300013723000078_,68945,0,44fz
0373100072123001719_,68945,0,44fz
0373200068623000497_,68945,0,44fz
0341100004123000021_,68945,0,44fz
0744200000223003685_,68945,0,44fz
0321300009223000465_,68945,0,44fz
0815500000523012391_,68945,0,44fz
0164200001923004347_,68945,0,44fz
0373200174523000186_,68945,0,44fz
0363100004223000065_,68945,0,44fz
0329100015623000153_,68945,0,44fz
0744200000223000206_,68945,0,44fz
0338200009722000063_,68945,0,44fz
0301200046622000045_,68945,0,44fz
0302100010323000019_,68945,0,44fz
0373200022222000271_,68945,0,44fz
0320400000423000217_,68945,0,44fz
0387200009123002704_,68945,0,44fz
0321200008523000096_,68945,0,44fz
0373200086723001377_,68945,0,44fz
0143100006523000047_,68945,0,44fz
0301100046122000121_,68945,0,44fz
0301300001623000361_,68945,0,44fz
0319100004922000148_,68945,0,44fz
0369300013722000054_,68945,0,44fz
0825500000722003404_,68945,0,44fz
0860200000823005353_,68945,0,44fz
0301300380022000079_,68945,0,44fz
0318200025623000042_,68945,0,44fz
0859200001123009336_,68945,0,44fz
0360300263423000218_,68945,0,44fz
0328300015623000044_,68945,0,44fz
0369100004723000221_,68945,0,44fz
0373200215523000342_,68945,0,44fz
0360200048322000081_,68945,0,44fz
0825500000723002761_,68945,0,44fz
0356300165923000009_,68945,0,44fz
0301000000223000642_,68945,0,44fz
0338300007822000149_,68945,0,44fz
COM16012300001_1,609407,0,com
COM16012300002_1,609407,0,com
ATOM10092100276_1,609407,0,atom
32312607679_1,609407,0,223fz
32312362355_1,609407,0,223fz
32312243847_1,609407,0,223fz
32312434513_1,609407,0,223fz
32312098899_1,609407,0,223fz
32312244809_1,609407,0,223fz
32313018225_1,609407,0,223fz
32312310312_1,609407,0,223fz
32312408291_1,747852,1,223fz
32211695489_1,747852,1,223fz
32312847441_1,747852,1,223fz
32211724123_1,747852,1,223fz
0136300015121000020_,664508,0,44fz
0136300015121000021_,664508,0,44fz
0136300015121000028_,664508,0,44fz
0136300015121000029_,664508,0,44fz
0136300015121000032_,664508,0,44fz
32211853287_1,614247,0,223fz
32211845658_1,614247,0,223fz
0160400000322000002_,614247,0,44fz
COM10052300010_1,614247,0,com
ATOM20022100035_1,614247,0,atom
RH10112300002_1,624680,0,com
COM06052300001_1,624680,0,com
RH19102300005_1,624680,0,com
COM07092200068_1,624680,0,com
32211784633_1,624680,0,223fz
32312530219_1,624680,0,223fz
32312509932_1,624680,0,223fz
32312434636_1,624680,0,223fz
32312213124_1,624680,0,223fz
32313083526_1,624680,0,223fz
32313135176_1,624680,0,223fz
32211700455_1,624680,0,223fz
32312530211_1,624680,0,223fz
32312026977_1,624680,0,223fz
32312341340_1,624680,0,223fz
32313091810_1,624680,0,223fz
32312434658_1,624680,0,223fz
32312293405_1,624680,0,223fz
32312079023_1,624680,0,223fz
32312026977_2,624680,0,223fz
32312490355_1,624680,0,223fz
32312273624_1,624680,0,223fz
32211772896_1,624680,0,223fz
32312226328_1,624680,0,223fz
32312231187_1,624680,0,223fz
32312388828_1,624680,0,223fz
32211771894_1,624680,0,223fz
32211771871_1,624680,0,223fz
32211771878_1,624680,0,223fz
32312353837_1,624680,0,223fz
32211730607_1,624680,0,223fz
32312676659_1,624680,0,223fz
32312221854_1,624680,0,223fz
32312084095_1,624680,0,223fz
32211772771_1,624680,0,223fz
32312652033_1,624680,0,223fz
COM13092300053_1,624680,0,com
COM09062300036_1,624680,0,com
32110480606_1,587386,1,223fz
0354100009021000095_,587386,1,44fz
0342100008921000026_,587386,1,44fz
0334100000121000025_,587386,1,44fz
0319100006721000104_,587386,1,44fz
0368100003621000015_,587386,1,44fz
0842300004021000376_,587386,1,44fz
0128100000521000040_,587386,1,44fz
0373100091422000065_,757419,1,44fz
32211136579_1,757419,1,223fz
32211222807_1,757419,1,223fz
ATOM08042100189_1,757419,1,atom
ATOM17112200190_1,252644,1,atom
COM27042200024_1,252644,1,com
32312882315_1,252644,1,223fz
32211774441_1,252644,1,223fz
32312386040_1,252644,1,223fz
32211604511_1,252644,1,223fz
32211805243_1,252644,1,223fz
32312824776_1,252644,1,223fz
32312904875_1,252644,1,223fz
32313056351_1,252644,1,223fz
32211253295_1,252644,1,223fz
32312180504_1,252644,1,223fz
32312557364_1,252644,1,223fz
32312819132_1,252644,1,223fz
32312775659_1,252644,1,223fz
32211532258_1,252644,1,223fz
32312820319_1,252644,1,223fz
32211735341_1,252644,1,223fz
0119100009923000071_,177495,0,44fz
32211917371_1,177495,0,223fz
0119100009923000009_,177495,0,44fz
0119100009923000008_,177495,0,44fz
32211118679_1,177495,0,223fz
0319300012422000305_,177495,0,44fz
0319100014223000002_,177495,0,44fz
0319100014222000030_,177495,0,44fz
0319100014223000089_,177495,0,44fz
0319300012423000201_,177495,0,44fz
0348100075222000145_,177495,0,44fz
0348100075222000150_,177495,0,44fz
0519100001423000002_,177495,0,44fz
0348100075222000089_,177495,0,44fz
0519100001422000125_,177495,0,44fz
COM12102200059_1,177495,0,com
COM29032300056_1,177495,0,com
0519100001423000014_,177495,0,44fz
0348100075222000092_,177495,0,44fz
0348100075222000167_,177495,0,44fz
ATOM25112200031_1,177495,0,atom
0348100075222000090_,177495,0,44fz
0519100001423000005_,177495,0,44fz
ATOM17062200120_1,177495,0,atom
0348100075222000159_,177495,0,44fz
0319100014223000062_,177495,0,44fz
0319200066223000031_,177495,0,44fz
0573500000122000120_,761347,1,44fz
0573500000123000099_,761347,1,44fz
0373200068623000437_,761347,1,44fz
0337100008723000010_,761347,1,44fz
0373200557923000057_,761347,1,44fz
0373200045223000086_,761347,1,44fz
0373100009923000045_,761347,1,44fz
32312140794_1,761347,1,223fz
0373200024422000257_,761347,1,44fz
0373100006323000031_,761347,1,44fz
ROSSETI16082200010_1,761347,1,com
0372100048823000481_,761347,1,44fz
0373200086723000053_,650029,0,44fz
0319100006723000045_,650029,0,44fz
0334200002522000165_,650029,0,44fz
0301300016023000005_,650029,0,44fz
0362200014423000179_,650029,0,44fz
0363100005422000076_,650029,0,44fz
0336100012023000024_,650029,0,44fz
0343100004723000169_,650029,0,44fz
0328300032822000997_,650029,0,44fz
0330100012823000020_,650029,0,44fz
0328300032823000103_,650029,0,44fz
0343100008223000089_,650029,0,44fz
0322300001722000468_,650029,0,44fz
0343100008223000140_,650029,0,44fz
0319100022523000048_,650029,0,44fz
0319100025922000102_,650029,0,44fz
0336100012022000079_,650029,0,44fz
0319100006023000017_,650029,0,44fz
0387200017723000068_,650029,0,44fz
0856600010922000374_,650029,0,44fz
0373200006223000052_,650029,0,44fz
0302100019222000027_,650029,0,44fz
32211583897_1,650029,0,223fz
32211594069_1,650029,0,223fz
0372200231223000022_,767018,1,44fz
0573100015422000004_,767018,1,44fz
0372200286223000007_,767018,1,44fz
0372200289823000029_,767018,1,44fz
32312832772_1,767018,1,223fz
0360200027623000020_,767018,1,44fz
0573100020522000027_,767018,1,44fz
0372200189923000017_,767018,1,44fz
32211159971_1,767018,1,223fz
0372200106023000093_,767018,1,44fz
0342200040123000003_,767018,1,44fz
0372100004223000005_,767018,1,44fz
0895100000122000072_,767018,1,44fz
32312331559_1,767018,1,223fz
0243100002422000021_,767018,1,44fz
0348100021122000075_,767018,1,44fz
32211271896_1,767018,1,223fz
0243100002423000045_,767018,1,44fz
0339100014523000010_,767018,1,44fz
32312377212_1,767018,1,223fz
0372200231223000002_,767018,1,44fz
0172300003922000018_,767018,1,44fz
0339100014522000017_,767018,1,44fz
0387200015123000135_,767018,1,44fz
0372200197823000015_,767018,1,44fz
32312514527_1,767018,1,223fz
32312217197_1,767018,1,223fz
32211631441_1,767018,1,223fz
32312828725_1,767018,1,223fz
0318200080022000153_,767018,1,44fz
0120300001723000138_,767018,1,44fz
0148300014523000252_,767018,1,44fz
0372200106022000118_,767018,1,44fz
32312025125_1,660767,0,223fz
32211985792_1,660767,0,223fz
0373200032223000075_,660767,0,44fz
0373200017523000183_,660767,0,44fz
0373200032223000237_,660767,0,44fz
0373200032223001071_,660767,0,44fz
0373200032223000510_,660767,0,44fz
0373200041123001016_,660767,0,44fz
0373200032223000280_,660767,0,44fz
0373200032222001465_,660767,0,44fz
0373200041123000114_,660767,0,44fz
0373200032223000234_,660767,0,44fz
0373200032222001464_,660767,0,44fz
0373200014223000827_,660767,0,44fz
0373200018823001042_,660767,0,44fz
0373200032223001060_,660767,0,44fz
0373200018823001041_,660767,0,44fz
0373200041123000113_,660767,0,44fz
0373200014223000099_,660767,0,44fz
0373200041123001011_,660767,0,44fz
0373200018823000219_,660767,0,44fz
0373200018823001384_,660767,0,44fz
0373200017523001217_,660767,0,44fz
0373200014223000120_,660767,0,44fz
0373200018823001294_,660767,0,44fz
0136300015122000038_,664508,0,44fz
0136300015122000035_,664508,0,44fz
0136300015122000034_,664508,0,44fz
0136300015122000051_,664508,0,44fz
0136300015122000037_,664508,0,44fz
32110763436_1,609407,1,223fz
32110092146_1,609407,1,223fz
32110641739_1,609407,1,223fz
0860200000821008136_,614247,1,44fz
0860200000821000422_,614247,1,44fz
0860200000821004021_,614247,1,44fz
32110129783_1,614247,1,223fz
0132400000521000002_,614247,1,44fz
0160400000321000024_,614247,1,44fz
MSP0111221131041_1,717351,0,com
32211349481_1,717351,0,223fz
32211370635_1,717351,0,223fz
32211225855_1,717351,0,223fz
32211349748_1,717351,0,223fz
32211170147_1,717351,0,223fz
32211059435_1,717351,0,223fz
32211369787_1,717351,0,223fz
32211573674_1,717351,0,223fz
32211349617_1,717351,0,223fz
32211059557_1,717351,0,223fz
32211349697_1,717351,0,223fz
0369100008523000121_,720722,0,44fz
0101200009222000043_,720722,0,44fz
32312588042_1,720722,0,223fz
0101200009223000010_,720722,0,44fz
32312179140_1,720722,0,223fz
COM25112100013_1,252644,0,com
ATOM05072100130_1,252644,0,atom
32312466456_1,252644,0,223fz
32312750331_1,252644,0,223fz
32312782376_1,252644,0,223fz
32312791476_1,252644,0,223fz
32312831914_1,252644,0,223fz
32109944536_1,717351,0,223fz
32110020075_1,717351,0,223fz
32110162458_1,717351,0,223fz
32110277586_1,717351,0,223fz
0301300275422000313_,720722,0,44fz
0301300275422000314_,720722,0,44fz
0169300011923000184_,720722,0,44fz
0369100004723000368_,720722,0,44fz
32212004605_1,720722,0,223fz
32211133072_1,720722,0,223fz
0101200009221000016_,720722,0,44fz
0101200009221000013_,720722,0,44fz
0101200009221000010_,720722,0,44fz
0101200009221000009_,720722,0,44fz
0101200009221000007_,720722,0,44fz
0101200009221000006_,720722,0,44fz
0101200009221000005_,720722,0,44fz
0101200009221000003_,720722,0,44fz
0101200009221000002_,720722,0,44fz
0301300063621000035_,720722,0,44fz
0301200075121000014_,720722,0,44fz
32110154411_1,720722,0,223fz
32110105310_1,720722,0,223fz
32110082267_1,720722,0,223fz
32110743585_1,720722,0,223fz
32110133963_1,720722,0,223fz
32110688236_1,720722,0,223fz
32110030205_1,720722,0,223fz
0369100004721000098_,720722,0,44fz
0356500006421000124_,720722,0,44fz
0309500000321000175_,720722,0,44fz
0356500002621000055_,720722,0,44fz
B1906231442046_1,747852,0,com
0373200557922000013_,747852,0,44fz
COM16052300079_1,747852,0,com
COM19062300017_1,747852,0,com
COM02082300039_1,747852,0,com
B2206231419441_1,747852,0,com
0873500000823005668_,747852,0,44fz
ATOM09062100035_1,747852,0,atom
ATOM21072300102_1,747852,0,atom
32211665613_1,747852,0,223fz
32312713481_1,747852,0,223fz
32313094452_1,747852,0,223fz
32312539007_1,747852,0,223fz
32312185713_1,747852,0,223fz
32312609501_1,747852,0,223fz
32211314588_1,747852,0,223fz
32312192129_1,747852,0,223fz
32312175291_1,747852,0,223fz
32211336186_1,747852,0,223fz
32110734495_1,252644,1,223fz
32110591791_1,252644,1,223fz
32110201943_1,252644,1,223fz
32110660480_1,252644,1,223fz
32211099749_1,757419,0,223fz
32211218468_1,757419,0,223fz
32211128855_1,757419,0,223fz
ATOM10062100091_1,757419,0,atom
ATOM28052100115_1,757419,0,atom
ATOM16072100315_1,757419,0,atom
ATOM28072100276_1,757419,0,atom
ATOM22102100039_1,757419,0,atom
32312158769_1,761347,0,223fz
ATOM21042200309_1,761347,0,atom
0573500000122000045_,761347,0,44fz
0373100006322000019_,761347,0,44fz
0373200082122000891_,761347,0,44fz
COM06022100002_1,761347,0,com
ROSSETI11072300021_1,761347,0,com
0373200557922000008_,761347,0,44fz
0373200107423000028_,761347,0,44fz
0143100008822000008_,815623,1,44fz
0143100003623000003_,815623,1,44fz
0843500000223004844_,815623,1,44fz
0843500000222002527_,815623,1,44fz
0843100000222000073_,815623,1,44fz
0843100000222000015_,815623,1,44fz
0343100003522000005_,815623,1,44fz
0343100003522000016_,815623,1,44fz
0343100003522000020_,815623,1,44fz
0343100004723000079_,815623,1,44fz
0343100004723000111_,815623,1,44fz
0343100005723000033_,815623,1,44fz
0343100008223000009_,815623,1,44fz
0343100008223000083_,815623,1,44fz
0120600002723000004_,767018,0,44fz
0318300036022000086_,767018,0,44fz
0318300300223000012_,767018,0,44fz
0801500000323000001_,767018,0,44fz
0158300007122000039_,767018,0,44fz
0360200008923000013_,767018,0,44fz
0573500000122000401_,767018,0,44fz
0164200001923000994_,767018,0,44fz
0303300132522000015_,767018,0,44fz
0360200014923000036_,767018,0,44fz
0843500000221005698_,365583,0,44fz
0843500000221001478_,365583,0,44fz
0843500000221000050_,365583,0,44fz
0843500000221001489_,365583,0,44fz
0843500000221002985_,365583,0,44fz
0843500000221005708_,365583,0,44fz
0843500000221001477_,365583,0,44fz
0843500000221000436_,365583,0,44fz
0843500000221002100_,366512,0,44fz
0332100025421000093_,747852,0,44fz
32110677456_1,747852,0,223fz
32110327421_1,747852,0,223fz
32110341670_1,747852,0,223fz
32110185030_1,747852,0,223fz
0133200001721001871_,747852,0,44fz
0573100002521000668_,747852,0,44fz
0109300036421000002_,747852,0,44fz
0369100028422000004_,365583,0,44fz
0843500000222000789_,365583,0,44fz
0843500000222001975_,366512,0,44fz
0843400000123000010_,366512,0,44fz
0843500000222002950_,366512,0,44fz
0843500000222002951_,366512,0,44fz
0843500000222001746_,366512,0,44fz
0843500000222002343_,366512,0,44fz
0343200010723000070_,366512,0,44fz
0843500000223001277_,366512,0,44fz
0843500000222002558_,366512,0,44fz
0843500000223000786_,366512,0,44fz
0843500000222001647_,366512,0,44fz
0843500000222002626_,366512,0,44fz
0843500000222006590_,366512,0,44fz
0843500000222001561_,366512,0,44fz
0843500000222002531_,366512,0,44fz
0843500000222001391_,366512,0,44fz
0843500000222001344_,366512,0,44fz
0843500000223001196_,366512,0,44fz
0843500000223000290_,366512,0,44fz
0843500000222002505_,366512,0,44fz
0843500000222001586_,366512,0,44fz
32110200985_1,757419,0,223fz
0164200003021004063_,757419,0,44fz
0373100087921000021_,757419,0,44fz
0373100043221000004_,757419,0,44fz
0373100091421000103_,757419,0,44fz
0373100091421000106_,757419,0,44fz
0373200051821000621_,757419,0,44fz
0373100072121000320_,757419,0,44fz
0373200020221000110_,757419,0,44fz
0373100087921000022_,757419,0,44fz
0373100066121000086_,757419,0,44fz
0373100066121000088_,757419,0,44fz
0373100074521000178_,757419,0,44fz
0373200017421000876_,757419,0,44fz
32110198840_1,757419,0,223fz
32110715699_1,757419,0,223fz
32110954217_1,757419,0,223fz
32109992494_1,757419,0,223fz
32110850348_1,757419,0,223fz
32110329306_1,757419,0,223fz
32110897420_1,757419,0,223fz
32109925309_1,757419,0,223fz
32110890893_1,757419,0,223fz
32110127053_1,757419,0,223fz
32109952181_1,757419,0,223fz
32110845703_1,757419,0,223fz
32110385359_1,757419,0,223fz
32109907604_1,757419,0,223fz
32110474730_1,757419,0,223fz
0373200557921000002_,761347,0,44fz
0337100017321000186_,761347,0,44fz
0328300032821000352_,761347,0,44fz
0136300015121000030_,664508,1,44fz
0136300015121000027_,664508,1,44fz
0136300015121000031_,664508,1,44fz
0136300015121000033_,664508,1,44fz
0373100070621000021_,388417,0,44fz
0873500000821003359_,388417,0,44fz
0873500000821004947_,388417,0,44fz
0373200580721000011_,388417,0,44fz
0873500000821003688_,388417,0,44fz
0373200059721000307_,388417,0,44fz
0873500000821003156_,388417,0,44fz
0873500000821003650_,388417,0,44fz
0873500000821004186_,388417,0,44fz
0373200059721000220_,388417,0,44fz
0873500000821005059_,388417,0,44fz
0373500001421000112_,388417,0,44fz
0873500000721000011_,388417,0,44fz
0373100067521000025_,388417,0,44fz
0873500000821004151_,388417,0,44fz
0373200032221000717_,388417,0,44fz
0873500000821001885_,388417,0,44fz
0373200028321000007_,388417,0,44fz
0373200015521000223_,388417,0,44fz
0373200032221000772_,388417,0,44fz
0373200041521000420_,388417,0,44fz
0873500000821000365_,388417,0,44fz
0373200081221000336_,388417,0,44fz
0373200087821000529_,388417,0,44fz
0373200017521000171_,388417,0,44fz
0373200006221000662_,388417,0,44fz
0373200018821000631_,388417,0,44fz
32110288800_1,388417,0,223fz
0373200018821000990_,388417,0,44fz
0873500000821000362_,388417,0,44fz
0273000000121002341_,388417,0,44fz
32110520727_1,388417,0,223fz
32110361446_1,388417,0,223fz
32110036024_1,388417,0,223fz
0373500001421000098_,388417,0,44fz
32110365166_1,388417,0,223fz
0373200295621000003_,388417,0,44fz
0373200014221000615_,388417,0,44fz
0873500000821003647_,388417,0,44fz
0873500000821003713_,388417,0,44fz
0173100012621000034_,388417,0,44fz
0173200023721000002_,388417,0,44fz
0843500000222000735_,365583,1,44fz
0843500000222001440_,365583,1,44fz
0843500000222001455_,365583,1,44fz
0843500000222000144_,365583,1,44fz
0843500000222000700_,365583,1,44fz
0843500000222000569_,365583,1,44fz
0843500000222000788_,365583,1,44fz
0843500000222001452_,365583,1,44fz
0843500000222000016_,365583,1,44fz
0143100005822000033_,815623,0,44fz
0143100008823000009_,815623,0,44fz
0143100005223000024_,815623,0,44fz
0143100005823000041_,815623,0,44fz
0843100000222000135_,815623,0,44fz
0843100000222000072_,815623,0,44fz
0343100004522000002_,815623,0,44fz
0343100004523000002_,815623,0,44fz
0843500000222006049_,366512,1,44fz
0843500000223001404_,366512,1,44fz
0343200025922000263_,366512,1,44fz
0843500000223001195_,366512,1,44fz
0843500000222005606_,366512,1,44fz
0174500001121005267_,767018,0,44fz
0360200004821000079_,767018,0,44fz
0860200000821000386_,767018,0,44fz
0301200064021000006_,767018,0,44fz
32109936897_1,767018,0,223fz
0335200008021000012_,767018,0,44fz
0372200159321000023_,767018,0,44fz
0372200109821000008_,767018,0,44fz
0373200013821000193_,767018,0,44fz
0373200017522000356_,398897,0,44fz
0373200017522000235_,398897,0,44fz
0373200017522000236_,398897,0,44fz
0373200017522000375_,398897,0,44fz
0873500000822000601_,398897,0,44fz
0373200017522000377_,398897,0,44fz
0873500000822000518_,398897,0,44fz
0373200017522000234_,398897,0,44fz
0373200017522000355_,398897,0,44fz
0373200017522000198_,398897,0,44fz
0873500000822000581_,398897,0,44fz
0373200017522000233_,398897,0,44fz
0373200017522000310_,398897,0,44fz
0873500000822001141_,398897,0,44fz
0873500000822000228_,398897,0,44fz
0373200017522000373_,398897,0,44fz
0373200060322000007_,398897,0,44fz
0373200017522000372_,398897,0,44fz
0373200017522000362_,398897,0,44fz
0373200041122000369_,398897,0,44fz
0373200017522000374_,398897,0,44fz
0373200000623000213_,851057,1,44fz
0373100031922000372_,851057,1,44fz
0373100072122001085_,851057,1,44fz
32211269552_1,851057,1,223fz
32313009707_1,851057,1,223fz
0373100020822000204_,851057,1,44fz
0373100084423000157_,851057,1,44fz
32313028257_1,851057,1,223fz
0373100072122000715_,851057,1,44fz
0303200036422000020_,851057,1,44fz
0373100031922000009_,851057,1,44fz
0373100031923000104_,851057,1,44fz
0373200006522000001_,851057,1,44fz
32211420984_1,851057,1,223fz
0373100072123001347_,851057,1,44fz
0303200036422000019_,851057,1,44fz
0373100031922000075_,851057,1,44fz
0373100031922000076_,851057,1,44fz
0373200087823000347_,851057,1,44fz
32211669296_1,851057,1,223fz
0373100031923000178_,851057,1,44fz
0373100031923000781_,851057,1,44fz
32211704099_1,851057,1,223fz
0373100031923000231_,851057,1,44fz
0373100031922000371_,851057,1,44fz
0373200017321000382_,398897,0,44fz
0873500000821004084_,398897,0,44fz
0373200017321000440_,398897,0,44fz
ATOM26042200245_1,865318,1,atom
ATOM30052200333_1,865318,1,atom
0773100000323000035_,865318,1,44fz
0773100000322000079_,865318,1,44fz
0773100000323000031_,865318,1,44fz
0773100000323000027_,865318,1,44fz
0773100000322000014_,865318,1,44fz
0773100000322000080_,865318,1,44fz
0773100000322000032_,865318,1,44fz
0773100000322000082_,865318,1,44fz
0773100000323000019_,865318,1,44fz
0773100000323000025_,865318,1,44fz
0773100000322000017_,865318,1,44fz
0773100000322000028_,865318,1,44fz
0744200000222004963_,851057,0,44fz
0373200000623000040_,851057,0,44fz
0850200000423000301_,851057,0,44fz
0331100004423000130_,851057,0,44fz
0373100045922000221_,851057,0,44fz
32211802324_1,851057,0,223fz
32211384764_1,851057,0,223fz
32313153257_1,851057,0,223fz
32211321448_1,851057,0,223fz
32312790324_1,454342,0,223fz
32212005155_1,454342,0,223fz
32211121122_1,454342,0,223fz
32313076504_1,454342,0,223fz
32211793479_1,454342,0,223fz
32312051590_1,454342,0,223fz
32312409779_1,454342,0,223fz
COM25042300067_1,454342,0,com
ATOM26052200027_1,865318,0,atom
0773100000323000034_,865318,0,44fz
ATOM07092200226_1,865318,0,atom
32110062788_1,454342,0,223fz
32110227485_1,454342,0,223fz
32110405178_1,454342,0,223fz
32109902088_1,454342,0,223fz
32110949629_1,454342,0,223fz
32110949625_1,454342,0,223fz
32110035249_1,454342,0,223fz
32110276956_1,717351,1,223fz
32110149035_1,717351,1,223fz
32110162338_1,717351,1,223fz
32110402833_1,717351,1,223fz
32110208963_1,717351,1,223fz
32110277487_1,717351,1,223fz
32110699356_1,720722,1,223fz
0301300234121000005_,720722,1,44fz
0301300068221000240_,720722,1,44fz
0301300234121000119_,720722,1,44fz
0301300016021000465_,720722,1,44fz
0301200034721000107_,720722,1,44fz
0301200034721000091_,720722,1,44fz
0301200034721000046_,720722,1,44fz
0301300315421000003_,720722,1,44fz
0301300264021000028_,720722,1,44fz
0301300264021000029_,720722,1,44fz
0301300380021000037_,720722,1,44fz
0169300012321000216_,720722,1,44fz
0169300012321000215_,720722,1,44fz
0169300012321000212_,720722,1,44fz
0301300121521000023_,720722,1,44fz
32110545327_1,720722,1,223fz
32110535369_1,720722,1,223fz
32110470933_1,720722,1,223fz
32110890549_1,720722,1,223fz
32110180051_1,720722,1,223fz
32110890486_1,720722,1,223fz
32110439397_1,720722,1,223fz
32110964336_1,720722,1,223fz
32110468868_1,720722,1,223fz
0369100010821000050_,720722,1,44fz
0369100008521000121_,720722,1,44fz
0369300300321000084_,720722,1,44fz
0356300076321000170_,720722,1,44fz
0356500006421000047_,720722,1,44fz
COM26102100027_1,527901,0,com
COM07042100070_1,527901,0,com
COM26102100050_1,527901,0,com
COM26102100048_1,527901,0,com
COM26102100065_1,527901,0,com
COM07042100089_1,527901,0,com
COM07042100127_1,527901,0,com
COM26102100078_1,527901,0,com
COM26102100067_1,527901,0,com
COM26102100037_1,527901,0,com
COM07042100114_1,527901,0,com
COM26102100073_1,527901,0,com
COM26102100059_1,527901,0,com
COM26102100029_1,527901,0,com
COM07042100125_1,527901,0,com
COM26102100022_1,527901,0,com
COM07042100118_1,527901,0,com
COM26102100015_1,527901,0,com
COM26102100066_1,527901,0,com
COM07042100083_1,527901,0,com
COM26102100032_1,527901,0,com
COM26102100045_1,527901,0,com
COM26102100060_1,527901,0,com
COM07042100059_1,527901,0,com
COM26102100020_1,527901,0,com
COM26102100054_1,527901,0,com
COM26102100068_1,527901,0,com
COM26102100044_1,527901,0,com
COM26102100019_1,527901,0,com
COM26102100016_1,527901,0,com
COM26102100079_1,527901,0,com
COM07042100066_1,527901,0,com
COM07042100042_1,527901,0,com
COM26102100018_1,527901,0,com
COM07042100076_1,527901,0,com
COM26102100031_1,527901,0,com
COM26102100036_1,527901,0,com
COM26102100064_1,527901,0,com
COM26102100017_1,527901,0,com
COM07042100052_1,527901,0,com
COM07042100010_1,527901,0,com
COM26102100080_1,527901,0,com
COM26102100075_1,527901,0,com
COM26102100069_1,527901,0,com
COM26102100024_1,527901,0,com
COM07042100035_1,527901,0,com
COM07042100032_1,527901,0,com
COM26102100038_1,527901,0,com
COM26102100026_1,527901,0,com
COM26102100053_1,527901,0,com
COM26102100056_1,527901,0,com
COM26102100052_1,527901,0,com
COM26102100062_1,527901,0,com
COM07042100011_1,527901,0,com
COM07042100026_1,527901,0,com
COM26102100072_1,527901,0,com
COM07042100121_1,527901,0,com
COM07042100019_1,527901,0,com
COM26102100047_1,527901,0,com
COM07042100060_1,527901,0,com
COM26102100081_1,527901,0,com
COM26102100058_1,527901,0,com
COM07042100038_1,527901,0,com
COM26102100049_1,527901,0,com
COM07042100046_1,527901,0,com
COM07042100067_1,527901,0,com
COM26102100025_1,527901,0,com
COM26102100023_1,527901,0,com
COM26102100061_1,527901,0,com
COM26102100046_1,527901,0,com
COM07042100086_1,527901,0,com
COM26102100043_1,527901,0,com
COM26102100021_1,527901,0,com
COM26102100051_1,527901,0,com
COM07042100061_1,527901,0,com
COM07042100094_1,527901,0,com
COM26102100077_1,527901,0,com
COM26102100070_1,527901,0,com
COM07042100123_1,527901,0,com
COM26102100033_1,527901,0,com
COM26102100057_1,527901,0,com
COM26102100028_1,527901,0,com
COM26102100034_1,527901,0,com
COM07042100050_1,527901,0,com
COM26102100042_1,527901,0,com
COM26102100076_1,527901,0,com
COM07042100040_1,527901,0,com
COM26102100035_1,527901,0,com
COM26102100055_1,527901,0,com
COM07042100129_1,527901,0,com
COM07042100018_1,527901,0,com
COM26102100040_1,527901,0,com
COM07042100081_1,527901,0,com
COM26102100063_1,527901,0,com
COM07042100027_1,527901,0,com
32312220177_1,454342,1,223fz
0366200035422000002_,552175,0,44fz
0319100014222000034_,552175,0,44fz
0373200014222000051_,552175,0,44fz
0848300053222000111_,552175,0,44fz
0122300006122000483_,552175,0,44fz
0318300065122000089_,552175,0,44fz
0371100006123000059_,552175,0,44fz
0151300049722000108_,552175,0,44fz
0373200017523000761_,552175,0,44fz
0816500000622000301_,552175,0,44fz
0373200086722000666_,552175,0,44fz
0373200006222001636_,552175,0,44fz
0373200041122000978_,552175,0,44fz
0369100013323000012_,552175,0,44fz
0373500001422000185_,552175,0,44fz
0301600005722000013_,552175,0,44fz
0875600002422000009_,552175,0,44fz
0373200642523000014_,552175,0,44fz
0373200032223000870_,552175,0,44fz
0371100006122000043_,552175,0,44fz
1056500004922000001_,552175,0,44fz
0318300065122000142_,552175,0,44fz
0373200017523000760_,552175,0,44fz
0340100002323000049_,552175,0,44fz
0122300006122000242_,552175,0,44fz
0373200017522000702_,552175,0,44fz
0180300000222000419_,552175,0,44fz
0139200000122005620_,552175,0,44fz
0127200000223005662_,552175,0,44fz
0301600006222000021_,552175,0,44fz
0373200035223000092_,552175,0,44fz
0318300065122000319_,552175,0,44fz
0373200018823001157_,552175,0,44fz
0373200554622000011_,552175,0,44fz
0324100006022000021_,552175,0,44fz
0163200000322001935_,552175,0,44fz
0319100030123000119_,552175,0,44fz
0375300008522000013_,552175,0,44fz
0372200100323000048_,552175,0,44fz
0163200000323000789_,552175,0,44fz
0118300003223000330_,552175,0,44fz
0121600003822000063_,552175,0,44fz
0373200653223000012_,552175,0,44fz
0328300032822000243_,552175,0,44fz
0133300010323000028_,552175,0,44fz
0573500000123000421_,552175,0,44fz
0342100011322000032_,552175,0,44fz
0301200046623000191_,552175,0,44fz
0373200006222000452_,552175,0,44fz
0148300014523000180_,552175,0,44fz
0373200032222000290_,552175,0,44fz
0373200642523000025_,552175,0,44fz
0316100015222000145_,552175,0,44fz
0573500000123000362_,552175,0,44fz
0335100009923000060_,552175,0,44fz
0373200174523000043_,552175,0,44fz
0127200000223004790_,552175,0,44fz
0373200624322000060_,552175,0,44fz
0373200041123000407_,552175,0,44fz
0318200085422000015_,552175,0,44fz
0373200629923000129_,552175,0,44fz
0362100002222000057_,552175,0,44fz
0373100037222001233_,552175,0,44fz
0137100000422000057_,552175,0,44fz
0573100020523000083_,552175,0,44fz
0323100002023000044_,552175,0,44fz
0369100013322000004_,552175,0,44fz
0320100003722000030_,552175,0,44fz
0329300219722000035_,552175,0,44fz
0373200624323000084_,552175,0,44fz
0329300219722000037_,552175,0,44fz
0163200000322008526_,552175,0,44fz
0328300032822000348_,552175,0,44fz
0362100002223000049_,552175,0,44fz
0175300034122000052_,552175,0,44fz
0163200000323001199_,552175,0,44fz
0816500000622000281_,552175,0,44fz
0373200624323000117_,552175,0,44fz
0373200018822000209_,552175,0,44fz
0373200086723000619_,552175,0,44fz
0325100003923000077_,552175,0,44fz
0127200000222004669_,552175,0,44fz
0373200086722000425_,552175,0,44fz
0174500001123003801_,552175,0,44fz
0333100000222000027_,552175,0,44fz
0373200018823001195_,552175,0,44fz
0360300033023000017_,552175,0,44fz
0356200005122000483_,552175,0,44fz
0373200613023000006_,552175,0,44fz
0373200006222001128_,552175,0,44fz
0161300000122000753_,552175,0,44fz
0356200005122000484_,552175,0,44fz
0373200081223000041_,552175,0,44fz
0318300162023000038_,552175,0,44fz
0356500000822000090_,552175,0,44fz
0139200000122006105_,552175,0,44fz
0132600003923000066_,552175,0,44fz
0373200032222001129_,552175,0,44fz
0318300065123000188_,552175,0,44fz
0372200066523000061_,552175,0,44fz
0369100013322000051_,552175,0,44fz
0356200005122000082_,552175,0,44fz
0372200100323000047_,552175,0,44fz
0333100001622000033_,552175,0,44fz
0353100011522000036_,552175,0,44fz
0373200654222000014_,552175,0,44fz
0127200000223006320_,552175,0,44fz
0373200622723000003_,552175,0,44fz
0573100027723000664_,552175,0,44fz
ATOM30062200005_1,552175,0,atom
0144100000222000047_,552175,0,44fz
0320200007023000035_,552175,0,44fz
0328300032822000547_,552175,0,44fz
0373200018823001298_,552175,0,44fz
0156100008823000008_,552175,0,44fz
0373200018823001300_,552175,0,44fz
0373200653723000001_,552175,0,44fz
0373200086722000838_,552175,0,44fz
0373200032122000060_,552175,0,44fz
0372200066523000038_,552175,0,44fz
0369100013322000109_,552175,0,44fz
0318200085423000150_,552175,0,44fz
0319100030123000030_,552175,0,44fz
32312720829_1,552175,0,223fz
0121600019723000032_,552175,0,44fz
0122100002622000163_,552175,0,44fz
0117100002322000006_,552175,0,44fz
32312515116_1,552175,0,223fz
0117100002323000013_,552175,0,44fz
32211274919_1,552175,0,223fz
0122100002622000123_,552175,0,44fz
32211243279_1,552175,0,223fz
32211442559_1,552175,0,223fz
ATOM05032100218_1,957167,0,atom
0343200025921000230_,815623,0,44fz
0343200025921000468_,815623,0,44fz
0843100000221000100_,815623,0,44fz
0843100000221000093_,815623,0,44fz
0843100000221000069_,815623,0,44fz
0143100006521000003_,815623,0,44fz
0143100009621000031_,815623,0,44fz
0143100008821000007_,815623,0,44fz
0143100008821000003_,815623,0,44fz
0143100005821000029_,815623,0,44fz
0143100003621000001_,815623,0,44fz
0843500000221002876_,365583,1,44fz
0843500000221001350_,365583,1,44fz
0843500000221000910_,365583,1,44fz
0843500000221002569_,365583,1,44fz
0843500000221001708_,365583,1,44fz
0843500000221000002_,365583,1,44fz
0843500000221001372_,365583,1,44fz
0843500000221002897_,365583,1,44fz
0843500000221001944_,365583,1,44fz
0843500000221005869_,365583,1,44fz
0843500000221002579_,365583,1,44fz
0843500000221003305_,365583,1,44fz
0843500000221001139_,365583,1,44fz
0843500000221002879_,365583,1,44fz
0843500000221001492_,365583,1,44fz
0843500000221002101_,366512,1,44fz
32110628120_1,747852,1,223fz
32110847165_1,747852,1,223fz
0163200000321005573_,1254,0,44fz
0373200022221000776_,1254,0,44fz
0373100086921000429_,1254,0,44fz
0321200008721000187_,1254,0,44fz
0151100011721000008_,757419,1,44fz
32109883173_1,757419,1,223fz
32110151972_1,757419,1,223fz
0373100047421000925_,757419,1,44fz
0387200002821000125_,757419,1,44fz
0387200002821000193_,757419,1,44fz
0373100091421000107_,757419,1,44fz
0387200002821000919_,757419,1,44fz
0373200067021000806_,757419,1,44fz
32110977627_1,757419,1,223fz
32110618691_1,757419,1,223fz
32110900479_1,757419,1,223fz
32110958579_1,757419,1,223fz
32110778342_1,757419,1,223fz
32110427452_1,757419,1,223fz
32110197155_1,757419,1,223fz
0873500000821004106_,388417,1,44fz
0873500000821001662_,388417,1,44fz
0373200535621000001_,388417,1,44fz
0873500000821003737_,388417,1,44fz
0373200015521000224_,388417,1,44fz
0373200041121000783_,388417,1,44fz
0373200070521000035_,398897,1,44fz
0373100031921000060_,851057,0,44fz
0373200001221000016_,851057,0,44fz
0815200000121000279_,851057,0,44fz
0864500000221000242_,851057,0,44fz
32110486507_1,851057,0,223fz
0373200178121000001_,851057,0,44fz
0373200178121000042_,851057,0,44fz
0373100006321000012_,761347,1,44fz
0573500000121000358_,761347,1,44fz
0373200024421000030_,761347,1,44fz
0373200082121000659_,761347,1,44fz
0573500000121000528_,761347,1,44fz
0331100006821000042_,761347,1,44fz
0172300003921000013_,767018,1,44fz
32109996360_1,767018,1,223fz
32109923208_1,767018,1,223fz
32110397936_1,767018,1,223fz
0342200051121000003_,767018,1,44fz
0342200040121000081_,767018,1,44fz
0816500000621001922_,767018,1,44fz
0372200133121000071_,767018,1,44fz
0821600003221000021_,767018,1,44fz
0372200150521000006_,767018,1,44fz
0895100000121000032_,767018,1,44fz
0318300450523000003_,1254,1,44fz
0176200005523001767_,1254,1,44fz
0114500000822001049_,1254,1,44fz
0176200005523001691_,1254,1,44fz
0176200005523000646_,1254,1,44fz
0321300150522000002_,1254,1,44fz
0304100006423000018_,1254,1,44fz
0379100004323000008_,1254,1,44fz
0176200005522002447_,1254,1,44fz
0321300077123000007_,1254,1,44fz
0321300150523000001_,1254,1,44fz
0321300051323000066_,1254,1,44fz
COM07042100116_1,527901,1,com
COM07042100112_1,527901,1,com
COM07042100044_1,527901,1,com
COM07042100030_1,527901,1,com
COM26102100030_1,527901,1,com
0376300006621000041_,1254,1,44fz
0321300132721000277_,1254,1,44fz
0358300092921000498_,1254,1,44fz
0372200126521000003_,906623,0,44fz
0372200092521000014_,906623,0,44fz
0372200214221000001_,906623,0,44fz
0372200138321000005_,906623,0,44fz
0372200257221000003_,906623,0,44fz
0372200215721000002_,906623,0,44fz
0372200288021000003_,906623,0,44fz
0372200159321000009_,906623,0,44fz
0372100017221000015_,906623,0,44fz
0372200091221000003_,906623,0,44fz
0372200177121000006_,906623,0,44fz
0372200077021000001_,906623,0,44fz
0372200054421000038_,906623,0,44fz
0372200154321000001_,906623,0,44fz
0372200253221000015_,906623,0,44fz
0345100003721000007_,906623,0,44fz
0372200029221000036_,906623,0,44fz
0372200214721000001_,906623,0,44fz
0372200138321000004_,906623,0,44fz
0372200211821000007_,906623,0,44fz
0372200009821000075_,906623,0,44fz
0372200176721000010_,906623,0,44fz
0850200000421000692_,906623,0,44fz
0372200166121000003_,906623,0,44fz
0372200215121000004_,906623,0,44fz
0372200126521000002_,906623,0,44fz
0372200048021000105_,906623,0,44fz
0372200009821000010_,906623,0,44fz
0372200213421000012_,906623,0,44fz
0372200198321000025_,906623,0,44fz
0372200121321000018_,906623,0,44fz
0372200155321000041_,906623,0,44fz
0872400000221000185_,906623,0,44fz
0372200197221000007_,906623,0,44fz
0372200071221000027_,906623,0,44fz
0372200209321000042_,906623,0,44fz
0872400000221000186_,906623,0,44fz
0372200274021000022_,906623,0,44fz
0872400000221000192_,906623,0,44fz
0372100029821000066_,906623,0,44fz
0372100029821000067_,906623,0,44fz
0172100009121000010_,906623,0,44fz
0336100009721000059_,906623,0,44fz
0372200233421000021_,906623,0,44fz
0372200041521000008_,906623,0,44fz
0372100004221000002_,906623,0,44fz
0345200007821000010_,906623,0,44fz
0372200123621000002_,906623,0,44fz
0372100015121000002_,906623,0,44fz
0372200145321000008_,906623,0,44fz
0372200277821000067_,906623,0,44fz
0172100008521000009_,906623,0,44fz
0372200120021000034_,906623,0,44fz
0372200060221000025_,906623,0,44fz
0372100048821000252_,906623,0,44fz
0372200215221000001_,906623,0,44fz
0372200275621000039_,906623,0,44fz
0372200001721000026_,906623,0,44fz
0348100009521000058_,68945,0,44fz
0373100059321000253_,68945,0,44fz
0190200000321008604_,68945,0,44fz
0373200136721000035_,68945,0,44fz
0360200049721000097_,68945,0,44fz
0373200554121000038_,68945,0,44fz
0372200176921000140_,68945,0,44fz
0335200004721000103_,68945,0,44fz
0801200001721000151_,68945,0,44fz
0375100003621000601_,68945,0,44fz
0301300068221000034_,68945,0,44fz
0335200004721000104_,68945,0,44fz
0322300061421000131_,68945,0,44fz
0348300176921000018_,68945,0,44fz
0360300013021000060_,68945,0,44fz
0360300013021000199_,68945,0,44fz
0301300016021000062_,68945,0,44fz
0335200004721000105_,68945,0,44fz
0301200046621000258_,68945,0,44fz
32110483202_1,68945,0,223fz
0322300061421000132_,68945,0,44fz
0315300040421000061_,68945,0,44fz
0301300380021000433_,68945,0,44fz
0301300024021000051_,68945,0,44fz
0315200025821000016_,68945,0,44fz
32110772248_1,68945,0,223fz
0301300208021000014_,68945,0,44fz
0315200014321000041_,68945,0,44fz
0301300315421000015_,68945,0,44fz
0373200027821000021_,68945,0,44fz
0301300380021000028_,68945,0,44fz
0346200000221000049_,68945,0,44fz
0372200014821000034_,68945,0,44fz
0301200034621000075_,68945,0,44fz
0309200019721000064_,68945,0,44fz
0356300118321000040_,68945,0,44fz
0332100025121000371_,68945,0,44fz
0315300000421000071_,68945,0,44fz
0373200007721000030_,68945,0,44fz
0387200027521000038_,68945,0,44fz
0346200000221000163_,68945,0,44fz
0373200060121000031_,68945,0,44fz
0375200031521000166_,68945,0,44fz
0325100018521000161_,68945,0,44fz
0336100016121000010_,68945,0,44fz
0373200067021000483_,68945,0,44fz
0301200037621000147_,68945,0,44fz
0301200037621000127_,68945,0,44fz
0321300031521000206_,68945,0,44fz
0319300067321000055_,68945,0,44fz
0373200314321000048_,68945,0,44fz
0318300205521000031_,68945,0,44fz
0358300092921000485_,68945,0,44fz
0860200000821004501_,68945,0,44fz
0322300002121000009_,68945,0,44fz
0373200087821000958_,68945,0,44fz
0301200052121000783_,68945,0,44fz
0325200000321000081_,68945,0,44fz
0356300062721000044_,68945,0,44fz
0325200000221000377_,68945,0,44fz
0315200008021000010_,68945,0,44fz
0360100022721000236_,68945,0,44fz
0325300001221000009_,68945,0,44fz
0360300013021000139_,68945,0,44fz
0828100000721000038_,68945,0,44fz
0850200000421001096_,68945,0,44fz
0373200018121000112_,68945,0,44fz
0373100064121000113_,68945,0,44fz
0744200000221009985_,68945,0,44fz
0387200009121000560_,68945,0,44fz
0372200094421000142_,68945,0,44fz
0373100033621000021_,68945,0,44fz
0809600001321000001_,68945,0,44fz
0801500000921000068_,68945,0,44fz
0387200010521000016_,68945,0,44fz
0369300166021000108_,68945,0,44fz
0373200094121000051_,68945,0,44fz
0387200010521000100_,68945,0,44fz
0372200103021000032_,68945,0,44fz
0378200000821000051_,68945,0,44fz
0373100128521002000_,68945,0,44fz
0128200000120007853_,68945,0,44fz
0301300068221000133_,68945,0,44fz
0164200003021003990_,68945,0,44fz
0301100011321000083_,68945,0,44fz
0163200000321001226_,68945,0,44fz
0127100008421000026_,68945,0,44fz
0119100009921000100_,68945,0,44fz
0373200006222000462_,552175,1,44fz
0319100014222000067_,552175,1,44fz
0163200000323000794_,552175,1,44fz
0373200041123000639_,552175,1,44fz
0320100028422000003_,552175,1,44fz
0818400001123000005_,552175,1,44fz
0373200032122000048_,552175,1,44fz
0373200017522000653_,552175,1,44fz
0353100011522000049_,552175,1,44fz
0340100004622000105_,552175,1,44fz
0118300003222000269_,552175,1,44fz
0144100000223000044_,552175,1,44fz
0133300010322000051_,552175,1,44fz
0318300162022000012_,552175,1,44fz
0163200000322001951_,552175,1,44fz
0318300162022000013_,552175,1,44fz
0373200041123000499_,552175,1,44fz
0356100023122000029_,552175,1,44fz
0132300007523000293_,552175,1,44fz
0373200006222000474_,552175,1,44fz
0301300247622000285_,552175,1,44fz
0162300005322000543_,552175,1,44fz
0362200014422000303_,552175,1,44fz
0301200046623000117_,552175,1,44fz
0316100015223000080_,552175,1,44fz
0373200613022000041_,552175,1,44fz
0335600001123000114_,552175,1,44fz
0335600001123000115_,552175,1,44fz
0335600001123000156_,552175,1,44fz
32211460691_1,552175,1,223fz
0373200041122000980_,552175,1,44fz
0373100017123000012_,552175,1,44fz
0328300032822000406_,552175,1,44fz
0328300032822000357_,552175,1,44fz
0848300053223000153_,552175,1,44fz
0848300053222000066_,552175,1,44fz
0320300073223000144_,552175,1,44fz
0122300006122000243_,552175,1,44fz
0363100004422000054_,552175,1,44fz
0573100020522000033_,552175,1,44fz
0333100000222000028_,552175,1,44fz
0373500001423000159_,552175,1,44fz
0373200017522001154_,552175,1,44fz
0373200558322000116_,552175,1,44fz
0363100004423000006_,552175,1,44fz
32110816453_1,454342,1,223fz
32110289591_1,454342,1,223fz
32110936700_1,454342,1,223fz
32110458153_1,454342,1,223fz
32110758685_1,454342,1,223fz
32110426655_1,454342,1,223fz
32110443393_1,454342,1,223fz
32110818811_1,454342,1,223fz
32110762451_1,454342,1,223fz
32110445983_1,454342,1,223fz
32110470170_1,454342,1,223fz
32110221193_1,454342,1,223fz
32110759014_1,454342,1,223fz
0373200611621000074_,552175,0,44fz
32110737362_1,552175,0,223fz
32110687880_1,552175,0,223fz
0335600001121000086_,552175,0,44fz
0321300001121000552_,552175,0,44fz
32110009177_1,552175,0,223fz
0121600005621000145_,552175,0,44fz
0373200014221001640_,552175,0,44fz
0573100002521000800_,552175,0,44fz
0348100075221000154_,552175,0,44fz
0122300006121000116_,552175,0,44fz
0373200644421000021_,552175,0,44fz
0375300008521000011_,552175,0,44fz
0335300000221000774_,552175,0,44fz
0121600003821000175_,552175,0,44fz
0328300032821000160_,552175,0,44fz
0340100004621000079_,552175,0,44fz
0132600007221000135_,552175,0,44fz
0339100014521000012_,552175,0,44fz
0369100013321000033_,552175,0,44fz
0321300001121000722_,552175,0,44fz
0369100013321000124_,552175,0,44fz
0180300000221000349_,552175,0,44fz
0180300000221000340_,552175,0,44fz
0356300201721000003_,552175,0,44fz
0340100015321000067_,552175,0,44fz
0356200008021000003_,552175,0,44fz
0836600003321000175_,552175,0,44fz
0190200000321011290_,552175,0,44fz
0121600013921000122_,552175,0,44fz
0122300006121000474_,552175,0,44fz
0133300010321000044_,552175,0,44fz
0121600013921000121_,552175,0,44fz
0127200000221006322_,552175,0,44fz
0142300001221000624_,552175,0,44fz
0301100011321000107_,552175,0,44fz
0156600018621000019_,552175,0,44fz
0132600007221000186_,552175,0,44fz
0132600007221000136_,552175,0,44fz
0333100000221000020_,552175,0,44fz
0320100028421000008_,552175,0,44fz
0324100010421000105_,552175,0,44fz
0356300201721000004_,552175,0,44fz
0320400000421000280_,552175,0,44fz
0318300065121000110_,552175,0,44fz
0359100003721000012_,552175,0,44fz
0340100015321000064_,552175,0,44fz
0362100002221000119_,552175,0,44fz
0353100006021000141_,552175,0,44fz
0304100005621000038_,552175,0,44fz
0324100006021000033_,552175,0,44fz
0335600001121000009_,552175,0,44fz
0362100002221000028_,552175,0,44fz
0335600001121000010_,552175,0,44fz
0333100001621000001_,552175,0,44fz
0373200018821000884_,552175,0,44fz
0860200000821004366_,552175,0,44fz
0801300011921000272_,552175,0,44fz
0373200018821000157_,552175,0,44fz
0373200018821000149_,552175,0,44fz
0373200006221000609_,552175,0,44fz
0373200081221000006_,552175,0,44fz
0373200041121000981_,552175,0,44fz
0373200081221000852_,552175,0,44fz
0373200032221000273_,552175,0,44fz
0373200032221000271_,552175,0,44fz
0836400001021000022_,552175,0,44fz
0373200594921000004_,552175,0,44fz
0373200610921000032_,552175,0,44fz
0373200610921000039_,552175,0,44fz
0373200613021000022_,552175,0,44fz
0373200613021000025_,552175,0,44fz
0373200041121001206_,552175,0,44fz
0836600003321000176_,552175,0,44fz
0836600003321000179_,552175,0,44fz
0373200647521000008_,552175,0,44fz
0373200041121000376_,552175,0,44fz
0373200012321000290_,552175,0,44fz
0820300018421000006_,552175,0,44fz
0818600005721000049_,552175,0,44fz
0373200014221000139_,552175,0,44fz
0363100004421000028_,552175,0,44fz
0873200001721000338_,552175,0,44fz
0373200068621000071_,552175,0,44fz
0369100013321000100_,552175,0,44fz
32211746976_1,570082,1,223fz
32211924929_1,570082,1,223fz
0372200055322000022_,68945,1,44fz
0373200068623000565_,68945,1,44fz
0318300137622000003_,68945,1,44fz
0163200000323007405_,68945,1,44fz
0301300335622000280_,68945,1,44fz
0328200001722000243_,68945,1,44fz
0301300264023000243_,68945,1,44fz
0301300275422000270_,68945,1,44fz
0301300021422000066_,68945,1,44fz
0360200008922000045_,68945,1,44fz
0318300169222000122_,68945,1,44fz
0864500000223001035_,68945,1,44fz
0301300164922000037_,68945,1,44fz
0373200228923000028_,68945,1,44fz
0301200035123000041_,68945,1,44fz
0356300122822000079_,68945,1,44fz
0340100003923000059_,68945,1,44fz
0369100004722000461_,68945,1,44fz
0371500001123000157_,68945,1,44fz
0348100009522000099_,68945,1,44fz
0322300061423000183_,68945,1,44fz
0346300089323000014_,68945,1,44fz
0387200009122001404_,68945,1,44fz
0373200068623000533_,68945,1,44fz
0744200000223005035_,68945,1,44fz
0373100068323000451_,68945,1,44fz
0318200063423000063_,68945,1,44fz
0744200000222007469_,68945,1,44fz
0387200030523000372_,68945,1,44fz
0360300129122000102_,68945,1,44fz
0358300079422000399_,68945,1,44fz
0334300148323000014_,68945,1,44fz
0163200000323000283_,68945,1,44fz
0329100015622000159_,68945,1,44fz
0864500000223002580_,68945,1,44fz
0328300125823000348_,68945,1,44fz
0322200030322000144_,68945,1,44fz
0190200000323005601_,68945,1,44fz
32211604954_1,68945,1,223fz
0373100119123000118_,68945,1,44fz
0301300380023000264_,68945,1,44fz
0163200000322007010_,68945,1,44fz
32312126571_1,68945,1,223fz
0322300061422000464_,68945,1,44fz
0373200022222001191_,68945,1,44fz
0328200025023000038_,68945,1,44fz
0309100005122000042_,68945,1,44fz
0320400000422000133_,68945,1,44fz
32211747253_1,68945,1,223fz
0301300003723000031_,68945,1,44fz
0158100019721000022_,570082,0,44fz
0158100019721000112_,570082,0,44fz
0573100002521000963_,570082,0,44fz
32110206155_1,570082,0,223fz
0358100000621000102_,570082,0,44fz
0358300178921000129_,570082,0,44fz
0358300395221000048_,570082,0,44fz
0358300395221000047_,570082,0,44fz
0321400003321000059_,570082,0,44fz
0358300409221000069_,570082,0,44fz
0358300409221000068_,570082,0,44fz
0358300322921000100_,570082,0,44fz
0358300284421000070_,570082,0,44fz
0163200000321002136_,957167,0,44fz
0163200000321005339_,957167,0,44fz
0373200017521000879_,957167,0,44fz
0373200068621000155_,957167,0,44fz
0373200011421000971_,957167,0,44fz
0373200086721000163_,957167,0,44fz
0373200017521001903_,957167,0,44fz
0373200032221001517_,957167,0,44fz
0373200086721001233_,957167,0,44fz
0373200017321000696_,957167,0,44fz
0373200017321000678_,957167,0,44fz
0373200017521001611_,957167,0,44fz
0373200086721000799_,957167,0,44fz
0373200081221001113_,957167,0,44fz
0373200082121000838_,957167,0,44fz
0373200018821000374_,957167,0,44fz
0373200018821000838_,957167,0,44fz
0873500000821006126_,957167,0,44fz
0373200014221001527_,957167,0,44fz
0373200086721001285_,957167,0,44fz
0373200041121000665_,957167,0,44fz
0373200086721001260_,957167,0,44fz
0373200006221001632_,957167,0,44fz
0373200032221001515_,957167,0,44fz
0573500000121000502_,957167,0,44fz
0373200032221001521_,957167,0,44fz
0373200017521000990_,957167,0,44fz
0373200017321000679_,957167,0,44fz
0373200032221001518_,957167,0,44fz
0373200086721001286_,957167,0,44fz
0373200018821000215_,957167,0,44fz
0744200000221006531_,957167,0,44fz
0373200032221001519_,957167,0,44fz
0373200032221001516_,957167,0,44fz
0373200232521000011_,957167,0,44fz
0373200086721001287_,957167,0,44fz
0373200086721001432_,957167,0,44fz
0373200018821000318_,957167,0,44fz
0373200086721001263_,957167,0,44fz
0366200035621000479_,957167,0,44fz
0373200006621000150_,957167,0,44fz
0373200032221001520_,957167,0,44fz
0373200086721001270_,957167,0,44fz
0373200086721001261_,957167,0,44fz
0373200082121000565_,957167,0,44fz
0318300119421001453_,957167,0,44fz
0373200653621000035_,957167,0,44fz
0373200086721001476_,957167,0,44fz
0373200032221000432_,957167,0,44fz
0373200014221001218_,957167,0,44fz
0173200024421000063_,957167,0,44fz
0373200017321000694_,957167,0,44fz
0356200000121000059_,957167,0,44fz
0373200014221000865_,957167,0,44fz
0373200014221000680_,957167,0,44fz
0373200307321000079_,957167,0,44fz
0373100029521000243_,957167,0,44fz
0373200018821000606_,957167,0,44fz
0373200006221001115_,957167,0,44fz
0373200041121000277_,957167,0,44fz
0373200017521001859_,957167,0,44fz
0373200006621000226_,957167,0,44fz
0373200081221000359_,957167,0,44fz
0373200018821000156_,957167,0,44fz
0373200032221001467_,957167,0,44fz
0373200014221000361_,957167,0,44fz
0373200041121001424_,957167,0,44fz
0373200032221001464_,957167,0,44fz
0373200081221001069_,957167,0,44fz
0342100015223000016_,587386,1,44fz
0371500000723000202_,587386,1,44fz
0321300044622000006_,587386,1,44fz
0325200023523000061_,587386,1,44fz
0360100026223000166_,587386,1,44fz
0860300006323000018_,587386,1,44fz
0116100001623000043_,587386,1,44fz
0132300007522001472_,587386,1,44fz
0373200068622000250_,587386,1,44fz
32211764409_1,587386,1,223fz
0352100002923000005_,587386,1,44fz
0318200028123000969_,587386,1,44fz
0874100000123000137_,587386,1,44fz
0319100008123000056_,587386,1,44fz
0127300013123000426_,587386,1,44fz
0132600008322000296_,587386,1,44fz
0332600006322000002_,587386,1,44fz
0301300024822000043_,587386,1,44fz
0342300000823000024_,587386,1,44fz
0136100003523000115_,587386,1,44fz
0301100051522000066_,587386,1,44fz
0353100006023000057_,587386,1,44fz
0167200003422002155_,587386,1,44fz
0342200026722000086_,587386,1,44fz
32312214727_1,587386,1,223fz
0301300005723000221_,587386,1,44fz
0342100008922000056_,587386,1,44fz
0321100007623000028_,587386,1,44fz
0318300119423000340_,587386,1,44fz
0151100007222000018_,587386,1,44fz
0359100005423000025_,587386,1,44fz
0875100006823000019_,587386,1,44fz
0342200038223000039_,587386,1,44fz
32110572657_1,68945,1,223fz
32110687788_1,68945,1,223fz
0352100002821000021_,68945,1,44fz
0321200008521000510_,68945,1,44fz
0338200008521000075_,68945,1,44fz
0325100003921000080_,68945,1,44fz
0336100018321000039_,68945,1,44fz
0315200014321000024_,68945,1,44fz
0318300538021000186_,68945,1,44fz
0315200023021000033_,68945,1,44fz
0318200063421000010_,68945,1,44fz
0828100000721000039_,68945,1,44fz
0373200008121000030_,68945,1,44fz
0387200013021000046_,68945,1,44fz
0373200215521000113_,68945,1,44fz
0369100018721000050_,68945,1,44fz
0372200263421000683_,68945,1,44fz
0373200203121000018_,68945,1,44fz
0373200052421000014_,68945,1,44fz
0369100047221000006_,68945,1,44fz
0128200000121004437_,68945,1,44fz
0301300252321000005_,68945,1,44fz
0343200025921000502_,815623,1,44fz
0843100000221000096_,815623,1,44fz
0342200038221000010_,587386,0,44fz
0342200038221000008_,587386,0,44fz
32110501576_1,587386,0,223fz
0127300013121000588_,587386,0,44fz
0172100010121000101_,587386,0,44fz
32110595421_1,587386,0,223fz
32110106131_1,587386,0,223fz
32110354091_1,587386,0,223fz
0387200017721000213_,587386,0,44fz
0324100004421000088_,587386,0,44fz
0301200046621000084_,587386,0,44fz
0334100000121000020_,587386,0,44fz
0340100011021000103_,587386,0,44fz
32110062882_1,587386,0,223fz
0359100005421000009_,587386,0,44fz
0301300024821000028_,587386,0,44fz
0319100010521000072_,587386,0,44fz
0373200017321000031_,587386,0,44fz
0329100002921000002_,587386,0,44fz
0328100001321000047_,587386,0,44fz
0328200017821000055_,587386,0,44fz
0325200023521000233_,587386,0,44fz
0352100000921000007_,587386,0,44fz
0360200040721000022_,587386,0,44fz
0334100020521000062_,587386,0,44fz
0325100003921000026_,587386,0,44fz
0327100005121000023_,587386,0,44fz
0319100022521000062_,587386,0,44fz
0319100006021000087_,587386,0,44fz
0348100075121000016_,587386,0,44fz
0346300000221000142_,587386,0,44fz
0318300126721000280_,587386,0,44fz
0360500000721000052_,587386,0,44fz
0358100000621000077_,587386,0,44fz
0332600001921000002_,587386,0,44fz
0348100057421000011_,587386,0,44fz
0359100003721000066_,587386,0,44fz
0342100026921000020_,587386,0,44fz
0340100015321000054_,587386,0,44fz
0321100017021000031_,587386,0,44fz
0873400003521000091_,587386,0,44fz
0368200013621000070_,587386,0,44fz
0801200000821000053_,587386,0,44fz
0801500000921000050_,587386,0,44fz
0864500000221004602_,587386,0,44fz
0801500000221000024_,587386,0,44fz
0860200000821005378_,587386,0,44fz
0864500000221003291_,587386,0,44fz
0372200047121000103_,587386,0,44fz
0372200092521000012_,587386,0,44fz
0369100018721000043_,587386,0,44fz
0573100002521000898_,587386,0,44fz
0860200000821005021_,587386,0,44fz
0864500000221003979_,587386,0,44fz
0363100007421000046_,587386,0,44fz
0864500000221001525_,587386,0,44fz
0367100002021000034_,587386,0,44fz
0373100079121000079_,587386,0,44fz
0369100026521000006_,587386,0,44fz
0367100002021000011_,587386,0,44fz
0131100006621000097_,587386,0,44fz
0160300003621000388_,587386,0,44fz
0163100007121000012_,587386,0,44fz
0163300029421000685_,587386,0,44fz
0101200009821000002_,587386,0,44fz
0132300007521001031_,587386,0,44fz
0165300009021000385_,587386,0,44fz
0145200000421000992_,587386,0,44fz
0163300029421001356_,587386,0,44fz
0162300005321001703_,587386,0,44fz
0180300000221000256_,587386,0,44fz
0171100003621000097_,587386,0,44fz
0162400001221000048_,587386,0,44fz
0118300013321000173_,587386,0,44fz
0109100007021000031_,587386,0,44fz
0301300380021000614_,587386,0,44fz
0301300037821000574_,587386,0,44fz
0142300001221000623_,587386,0,44fz
0144100000221000018_,587386,0,44fz
0169300003321000183_,587386,0,44fz
0169300003321000195_,587386,0,44fz
0201200000121000120_,587386,0,44fz
0172100010121000046_,587386,0,44fz
0172100010121000074_,587386,0,44fz
0132600008321000397_,587386,0,44fz
0163200000321008103_,587386,0,44fz
0178100001821000020_,587386,0,44fz
ROSSETI25042300030_1,609407,1,com
ROSSETI25042300028_1,609407,1,com
ROSSETI25042300029_1,609407,1,com
ROSSETI25042300032_1,609407,1,com
ROSSETI25042300027_1,609407,1,com
32312355589_1,609407,1,223fz
32313075526_1,609407,1,223fz
32312873111_1,609407,1,223fz
0860200000822007947_,614247,1,44fz
0860200000823004541_,614247,1,44fz
32312998888_1,614247,1,223fz
0860200000822004005_,614247,1,44fz
ATOM18042200222_1,614247,1,atom
0773100000321000084_,865318,1,44fz
0773100000321000083_,865318,1,44fz
0773100000321000080_,865318,1,44fz
0773100000321000085_,865318,1,44fz
0773100000321000086_,865318,1,44fz
0773100000321000043_,865318,1,44fz
0773100000321000074_,865318,1,44fz
0773100000321000035_,865318,1,44fz
0773100000321000075_,865318,1,44fz
32312478118_1,624680,1,223fz
32312350692_1,624680,1,223fz
32110305188_1,609407,0,223fz
32110307708_1,609407,0,223fz
32110461458_1,609407,0,223fz
32110361940_1,609407,0,223fz
32110250223_1,609407,0,223fz
32110020162_1,609407,0,223fz
32110844866_1,609407,0,223fz
32110170400_1,609407,0,223fz
32110488337_1,609407,0,223fz
32110274750_1,609407,0,223fz
32110311334_1,609407,0,223fz
0119100009921000037_,177495,0,44fz
0319100004921000496_,177495,0,44fz
0319100009621000024_,177495,0,44fz
0519100001421000175_,177495,0,44fz
0519100001421000115_,177495,0,44fz
0380100006121000089_,177495,0,44fz
0380100005021000014_,177495,0,44fz
0519100001421000126_,177495,0,44fz
0519100001421000159_,177495,0,44fz
0519100001421000179_,177495,0,44fz
0519100001421000018_,177495,0,44fz
0519100001421000162_,177495,0,44fz
32110264319_1,177495,0,223fz
32110133844_1,177495,0,223fz
32110273371_1,177495,0,223fz
32110029955_1,177495,0,223fz
0319100014221000027_,177495,0,44fz
32109877652_1,177495,0,223fz
32110804095_1,177495,0,223fz
32110069329_1,177495,0,223fz
32109882329_1,177495,0,223fz
32110133859_1,177495,0,223fz
32110090071_1,177495,0,223fz
32110117279_1,177495,0,223fz
0573100002521000005_,614247,0,44fz
32110634055_1,614247,0,223fz
0160400000321000029_,614247,0,44fz
32110425125_1,614247,0,223fz
0360200048521000001_,614247,0,44fz
32110422181_1,614247,0,223fz
0321200046821000003_,614247,0,44fz
32110625447_1,614247,0,223fz
32110551173_1,851057,1,223fz
0373200060121000170_,851057,1,44fz
0815200000121000571_,851057,1,44fz
0373200060121000107_,851057,1,44fz
0373100020821000204_,851057,1,44fz
0373200011421000248_,851057,1,44fz
0373200154221000054_,851057,1,44fz
0372100029921000435_,851057,1,44fz
0373200178121000104_,851057,1,44fz
0373200056421000219_,851057,1,44fz
0744200000221001426_,851057,1,44fz
0373100031921000088_,851057,1,44fz
0373100020821000323_,851057,1,44fz
0372100030621000559_,851057,1,44fz
0373200154221000041_,851057,1,44fz
0373200244021000269_,851057,1,44fz
0373100020821000100_,851057,1,44fz
0373100031921000077_,851057,1,44fz
32110748951_1,851057,1,223fz
32110862035_1,851057,1,223fz
32110320307_1,851057,1,223fz
32110626543_1,851057,1,223fz
0161300000122000975_,650029,1,44fz
0371100006122000111_,650029,1,44fz
0357100002922000060_,650029,1,44fz
0327100002423000038_,650029,1,44fz
0349100002722000094_,650029,1,44fz
0127200000223001806_,650029,1,44fz
0322300001722000476_,650029,1,44fz
0387100008623000035_,650029,1,44fz
0573500000123000279_,650029,1,44fz
0328100012222000050_,650029,1,44fz
0340100004622000074_,650029,1,44fz
0834400000522000040_,650029,1,44fz
0373200018823001424_,660767,1,44fz
0373200032223000151_,660767,1,44fz
0373200032223000178_,660767,1,44fz
0373200018823001362_,660767,1,44fz
0373200018823000115_,660767,1,44fz
0373200018823001425_,660767,1,44fz
0136300015122000061_,664508,1,44fz
0136300015122000062_,664508,1,44fz
0136300015122000063_,664508,1,44fz
0136300015122000039_,664508,1,44fz
0136300015122000065_,664508,1,44fz
0136300015122000066_,664508,1,44fz
0136300015122000040_,664508,1,44fz
0136300015122000025_,664508,1,44fz
0136300015122000064_,664508,1,44fz
0136300015122000024_,664508,1,44fz
0136300015122000054_,664508,1,44fz
0136300015122000036_,664508,1,44fz
0136300015122000052_,664508,1,44fz
0136300015122000053_,664508,1,44fz
0136300015122000068_,664508,1,44fz
0136300015122000067_,664508,1,44fz
0136300015122000056_,664508,1,44fz
0136300015122000055_,664508,1,44fz
0136300015122000059_,664508,1,44fz
0136300015122000060_,664508,1,44fz
0301200046621000113_,552175,1,44fz
0118300013321000267_,552175,1,44fz
0161300000121000161_,552175,1,44fz
0301200077621000074_,552175,1,44fz
0187300006521000508_,552175,1,44fz
0156300046621000017_,552175,1,44fz
0142300001221000102_,552175,1,44fz
0167200003421008401_,552175,1,44fz
0121300028921000061_,552175,1,44fz
0142300001221000440_,552175,1,44fz
0163200000321004947_,552175,1,44fz
0324100010421000103_,552175,1,44fz
0335100009921000033_,552175,1,44fz
0333100001621000120_,552175,1,44fz
0339100014521000017_,552175,1,44fz
0327100004521000018_,552175,1,44fz
0348100043721000046_,552175,1,44fz
0324100010521000017_,552175,1,44fz
0334100000121000140_,552175,1,44fz
0318300065121000134_,552175,1,44fz
0362100002221000034_,552175,1,44fz
0335300000221000186_,552175,1,44fz
0336100002921000089_,552175,1,44fz
0335600001121000013_,552175,1,44fz
0373100104321000041_,552175,1,44fz
0373200018821000220_,552175,1,44fz
0372200121221000025_,552175,1,44fz
0373200041121000982_,552175,1,44fz
0373200554621000083_,552175,1,44fz
0848300037421000076_,552175,1,44fz
0373200622721000012_,552175,1,44fz
0373200644421000022_,552175,1,44fz
0373200647521000006_,552175,1,44fz
0373200647521000013_,552175,1,44fz
0373200014221001646_,552175,1,44fz
1056500000121000001_,552175,1,44fz
0369100013321000090_,552175,1,44fz
0336100003721000017_,906623,1,44fz
0372200277821000024_,906623,1,44fz
32312239270_1,177495,1,223fz
0348100075222000095_,177495,1,44fz
0348100075222000140_,177495,1,44fz
0348100075222000143_,177495,1,44fz
0319100014222000064_,177495,1,44fz
32211922854_1,177495,1,223fz
0348100075222000282_,177495,1,44fz
32313011419_1,177495,1,223fz
0380200000123004457_,177495,1,44fz
0319100014223000050_,177495,1,44fz
0119100009923000079_,177495,1,44fz
0319100014223000060_,177495,1,44fz
32211347553_1,177495,1,223fz
0319100014223000063_,177495,1,44fz
0119100009923000072_,177495,1,44fz
0319100014223000067_,177495,1,44fz
0119100009923000070_,177495,1,44fz
0319200066223000109_,177495,1,44fz
COM27012100008_1,177495,1,com
32312843001_1,177495,1,223fz
0119300006222000294_,177495,1,44fz
0119100009923000064_,177495,1,44fz
32211864985_1,177495,1,223fz
32211370292_1,177495,1,223fz
0348100075222000088_,177495,1,44fz
0173200024421000052_,957167,1,44fz
0373200086721001276_,957167,1,44fz
0373200613021000022_,957167,1,44fz
0373200041121001275_,957167,1,44fz
0573500000121000461_,957167,1,44fz
0373200086721001292_,957167,1,44fz
0373200557921000828_,957167,1,44fz
0373200017521000351_,957167,1,44fz
0373200086721000254_,957167,1,44fz
0373200017321000687_,957167,1,44fz
0373200086721001290_,957167,1,44fz
0873500000821005235_,957167,1,44fz
0373200626821000018_,957167,1,44fz
0373200032221001668_,957167,1,44fz
0373200017321000686_,957167,1,44fz
0373200307321000050_,957167,1,44fz
0873500000821005211_,957167,1,44fz
0373200086721001327_,957167,1,44fz
0373200086721000145_,957167,1,44fz
32110662447_1,252644,0,223fz
